{
  "accuracy": 0.9824561403508771,
  "roc_auc": 0.996031746031746
}