{
  "malignant": {
    "precision": 0.9512195121951219,
    "recall": 0.9285714285714286,
    "f1-score": 0.9397590361445782,
    "support": 42
  },
  "benign": {
    "precision": 0.958904109589041,
    "recall": 0.9722222222222222,
    "f1-score": 0.9655172413793104,
    "support": 72
  },
  "accuracy": 0.956140350877193,
  "macro avg": {
    "precision": 0.9550618108920814,
    "recall": 0.9503968253968254,
    "f1-score": 0.9526381387619443,
    "support": 114
  },
  "weighted avg": {
    "precision": 0.9560729421281235,
    "recall": 0.956140350877193,
    "f1-score": 0.9560273762928301,
    "support": 114
  }
}