{
  "malignant": {
    "precision": 0.9111111111111111,
    "recall": 0.9761904761904762,
    "f1-score": 0.9425287356321839,
    "support": 42
  },
  "benign": {
    "precision": 0.9855072463768116,
    "recall": 0.9444444444444444,
    "f1-score": 0.9645390070921985,
    "support": 72
  },
  "accuracy": 0.956140350877193,
  "macro avg": {
    "precision": 0.9483091787439614,
    "recall": 0.9603174603174602,
    "f1-score": 0.9535338713621913,
    "support": 114
  },
  "weighted avg": {
    "precision": 0.9580981439105009,
    "recall": 0.956140350877193,
    "f1-score": 0.9564299597121931,
    "support": 114
  }
}